timestamp,service,latency_ms
0,checkout-api,79.1
0,payment-gateway,149.0
0,fraud-detector,109.3
1,checkout-api,84.2
1,payment-gateway,149.2
1,fraud-detector,101.0
2,checkout-api,82.0
2,payment-gateway,148.4
2,fraud-detector,108.7
3,checkout-api,80.7
3,payment-gateway,151.4
3,fraud-detector,117.0
4,checkout-api,83.9
4,payment-gateway,150.7
4,fraud-detector,105.6
5,checkout-api,73.9
5,payment-gateway,151.5
5,fraud-detector,117.9
6,checkout-api,80.2
6,payment-gateway,149.4
6,fraud-detector,113.2
7,checkout-api,71.3
7,payment-gateway,148.1
7,fraud-detector,112.9
8,checkout-api,85.2
8,payment-gateway,148.6
8,fraud-detector,112.3
9,checkout-api,81.5
9,payment-gateway,154.7
9,fraud-detector,103.3
10,checkout-api,83.4
10,payment-gateway,140.9
10,fraud-detector,94.3
11,checkout-api,76.4
11,payment-gateway,144.5
11,fraud-detector,115.3
12,checkout-api,84.0
12,payment-gateway,142.7
12,fraud-detector,115.1
13,checkout-api,74.0
13,payment-gateway,149.5
13,fraud-detector,108.2
14,checkout-api,80.7
14,payment-gateway,154.9
14,fraud-detector,113.8
15,checkout-api,82.1
15,payment-gateway,153.9
15,fraud-detector,112.9
16,checkout-api,76.2
16,payment-gateway,145.7
16,fraud-detector,107.2
17,checkout-api,83.0
17,payment-gateway,148.5
17,fraud-detector,124.0
18,checkout-api,75.1
18,payment-gateway,143.4
18,fraud-detector,114.6
19,checkout-api,88.5
19,payment-gateway,153.0
19,fraud-detector,115.0
20,checkout-api,88.6
20,payment-gateway,149.4
20,fraud-detector,101.5
21,checkout-api,76.8
21,payment-gateway,155.7
21,fraud-detector,101.3
22,checkout-api,80.2
22,payment-gateway,151.5
22,fraud-detector,108.1
23,checkout-api,84.3
23,payment-gateway,153.5
23,fraud-detector,123.9
24,checkout-api,83.7
24,payment-gateway,146.3
24,fraud-detector,106.6
25,checkout-api,75.0
25,payment-gateway,155.7
25,fraud-detector,106.6
26,checkout-api,79.6
26,payment-gateway,154.5
26,fraud-detector,105.7
27,checkout-api,78.2
27,payment-gateway,139.0
27,fraud-detector,103.5
28,checkout-api,76.6
28,payment-gateway,152.5
28,fraud-detector,117.2
29,checkout-api,79.9
29,payment-gateway,151.6
29,fraud-detector,111.0
30,checkout-api,86.5
30,payment-gateway,155.4
30,fraud-detector,111.6
31,checkout-api,73.9
31,payment-gateway,155.4
31,fraud-detector,112.3
32,checkout-api,87.4
32,payment-gateway,149.8
32,fraud-detector,121.7
33,checkout-api,77.8
33,payment-gateway,159.6
33,fraud-detector,110.7
34,checkout-api,76.9
34,payment-gateway,143.2
34,fraud-detector,109.1
35,checkout-api,88.5
35,payment-gateway,154.9
35,fraud-detector,114.1
36,checkout-api,65.7
36,payment-gateway,154.3
36,fraud-detector,113.3
37,checkout-api,76.7
37,payment-gateway,146.2
37,fraud-detector,110.0
38,checkout-api,90.3
38,payment-gateway,143.7
38,fraud-detector,107.4
39,checkout-api,88.2
39,payment-gateway,147.3
39,fraud-detector,107.8
40,checkout-api,80.6
40,payment-gateway,142.6
40,fraud-detector,111.3
41,checkout-api,72.7
41,payment-gateway,155.3
41,fraud-detector,110.0
42,checkout-api,93.7
42,payment-gateway,151.7
42,fraud-detector,118.2
43,checkout-api,72.2
43,payment-gateway,149.3
43,fraud-detector,111.9
44,checkout-api,90.5
44,payment-gateway,139.9
44,fraud-detector,115.9
45,checkout-api,83.5
45,payment-gateway,159.2
45,fraud-detector,114.3
46,checkout-api,80.3
46,payment-gateway,146.9
46,fraud-detector,102.5
47,checkout-api,81.2
47,payment-gateway,148.8
47,fraud-detector,122.1
48,checkout-api,76.3
48,payment-gateway,151.9
48,fraud-detector,100.6
49,checkout-api,77.6
49,payment-gateway,151.6
49,fraud-detector,114.9
50,checkout-api,88.7
50,payment-gateway,149.7
50,fraud-detector,103.3
51,checkout-api,82.7
51,payment-gateway,153.1
51,fraud-detector,112.9
52,checkout-api,75.8
52,payment-gateway,156.8
52,fraud-detector,110.5
53,checkout-api,84.2
53,payment-gateway,157.6
53,fraud-detector,113.7
54,checkout-api,81.7
54,payment-gateway,162.9
54,fraud-detector,111.5
55,checkout-api,78.2
55,payment-gateway,150.7
55,fraud-detector,118.9
56,checkout-api,80.7
56,payment-gateway,153.1
56,fraud-detector,117.2
57,checkout-api,76.9
57,payment-gateway,139.6
57,fraud-detector,111.8
58,checkout-api,81.4
58,payment-gateway,146.4
58,fraud-detector,115.2
59,checkout-api,83.6
59,payment-gateway,144.0
59,fraud-detector,113.1
60,checkout-api,78.8
60,payment-gateway,141.1
60,fraud-detector,112.7
61,checkout-api,79.7
61,payment-gateway,145.5
61,fraud-detector,113.1
62,checkout-api,82.9
62,payment-gateway,146.5
62,fraud-detector,112.4
63,checkout-api,86.1
63,payment-gateway,145.7
63,fraud-detector,112.3
64,checkout-api,80.0
64,payment-gateway,163.6
64,fraud-detector,98.8
65,checkout-api,84.2
65,payment-gateway,148.2
65,fraud-detector,109.4
66,checkout-api,91.4
66,payment-gateway,149.9
66,fraud-detector,123.4
67,checkout-api,77.3
67,payment-gateway,152.1
67,fraud-detector,107.1
68,checkout-api,75.9
68,payment-gateway,150.4
68,fraud-detector,108.3
69,checkout-api,81.2
69,payment-gateway,137.4
69,fraud-detector,122.0
70,checkout-api,79.0
70,payment-gateway,160.5
70,fraud-detector,104.0
71,checkout-api,81.8
71,payment-gateway,169.0
71,fraud-detector,104.8
72,checkout-api,71.0
72,payment-gateway,146.7
72,fraud-detector,112.8
73,checkout-api,84.2
73,payment-gateway,157.7
73,fraud-detector,108.5
74,checkout-api,70.4
74,payment-gateway,147.4
74,fraud-detector,117.4
75,checkout-api,82.8
75,payment-gateway,138.3
75,fraud-detector,109.8
76,checkout-api,88.4
76,payment-gateway,162.8
76,fraud-detector,113.4
77,checkout-api,81.9
77,payment-gateway,142.6
77,fraud-detector,104.9
78,checkout-api,80.3
78,payment-gateway,153.0
78,fraud-detector,113.5
79,checkout-api,77.1
79,payment-gateway,143.1
79,fraud-detector,105.3
80,checkout-api,73.1
80,payment-gateway,153.9
80,fraud-detector,96.1
81,checkout-api,78.0
81,payment-gateway,152.7
81,fraud-detector,119.1
82,checkout-api,80.4
82,payment-gateway,156.0
82,fraud-detector,107.6
83,checkout-api,75.5
83,payment-gateway,146.0
83,fraud-detector,119.2
84,checkout-api,86.0
84,payment-gateway,152.9
84,fraud-detector,130.0
85,checkout-api,79.8
85,payment-gateway,153.7
85,fraud-detector,111.8
86,checkout-api,78.7
86,payment-gateway,163.9
86,fraud-detector,119.0
87,checkout-api,71.6
87,payment-gateway,147.6
87,fraud-detector,112.6
88,checkout-api,84.7
88,payment-gateway,141.9
88,fraud-detector,96.5
89,checkout-api,68.6
89,payment-gateway,149.6
89,fraud-detector,109.4
90,checkout-api,82.1
90,payment-gateway,145.4
90,fraud-detector,102.7
91,checkout-api,67.9
91,payment-gateway,164.0
91,fraud-detector,112.2
92,checkout-api,86.0
92,payment-gateway,178.7
92,fraud-detector,108.9
93,checkout-api,88.1
93,payment-gateway,185.2
93,fraud-detector,106.0
94,checkout-api,76.9
94,payment-gateway,194.5
94,fraud-detector,97.0
95,checkout-api,80.9
95,payment-gateway,211.5
95,fraud-detector,107.8
96,checkout-api,75.7
96,payment-gateway,224.2
96,fraud-detector,120.3
97,checkout-api,80.2
97,payment-gateway,231.0
97,fraud-detector,106.5
98,checkout-api,79.6
98,payment-gateway,238.4
98,fraud-detector,109.2
99,checkout-api,80.4
99,payment-gateway,269.1
99,fraud-detector,115.7
100,checkout-api,86.2
100,payment-gateway,265.7
100,fraud-detector,114.0
101,checkout-api,73.2
101,payment-gateway,283.9
101,fraud-detector,112.5
102,checkout-api,75.4
102,payment-gateway,306.0
102,fraud-detector,113.4
103,checkout-api,68.6
103,payment-gateway,309.3
103,fraud-detector,107.6
104,checkout-api,80.0
104,payment-gateway,152.8
104,fraud-detector,112.3
105,checkout-api,67.8
105,payment-gateway,143.1
105,fraud-detector,114.6
106,checkout-api,87.8
106,payment-gateway,161.4
106,fraud-detector,120.8
107,checkout-api,67.7
107,payment-gateway,154.6
107,fraud-detector,98.5
108,checkout-api,89.7
108,payment-gateway,151.5
108,fraud-detector,103.2
109,checkout-api,92.1
109,payment-gateway,153.9
109,fraud-detector,98.7
110,checkout-api,81.8
110,payment-gateway,145.6
110,fraud-detector,110.7
111,checkout-api,77.2
111,payment-gateway,158.2
111,fraud-detector,101.5
112,checkout-api,81.9
112,payment-gateway,160.9
112,fraud-detector,105.0
113,checkout-api,81.3
113,payment-gateway,151.2
113,fraud-detector,105.9
114,checkout-api,83.9
114,payment-gateway,150.6
114,fraud-detector,104.3
115,checkout-api,90.6
115,payment-gateway,154.7
115,fraud-detector,109.0
116,checkout-api,76.2
116,payment-gateway,145.3
116,fraud-detector,117.4
117,checkout-api,79.1
117,payment-gateway,152.8
117,fraud-detector,108.9
118,checkout-api,83.7
118,payment-gateway,149.3
118,fraud-detector,114.6
119,checkout-api,78.9
119,payment-gateway,155.0
119,fraud-detector,114.0
